key,zh,en,de,fr,es,it,ja,pl,pt,vi,ar
app.startlytab,"","StartlyTab",,,,,,,,,
app.new_perspective,"","NEW PERSPECTIVE",,,,,,,,,
app.msg_x569,"此刻的感觉如何？","",,,,,,,,,
app.msg_ynxs,"(专属你的视界)","",,,,,,,,,
app.how_is_this_moment_feeling,"","How is this moment feeling?",,,,,,,,,
app.just_for_you,"","(Just for you)",,,,,,,,,
app.a_new_tab_that_understands_you,"","A New Tab That Understands Your Mood,",,,,,,,,,
app.start_your_day_softly_with_eve,"","Start your day softly — with everything ready",,,,,,,,,
app.signing_in,"","Signing in...",,,,,,,,,
app.sign_in_with_google,"","Sign in with Google",,,,,,,,,
app.privacy_policy,"","Privacy Policy",,,,,,,,,
app.terms_of_service,"","Terms of Service",,,,,,,,,
app.starting_your_day_softly,"","Starting your day softly...",,,,,,,,,
app.startlytab_mindful_new_tab_das,"","StartlyTab - Mindful New Tab Dashboard for Focus",,,,,,,,,
app.select_search_engine,"","Select search engine",,,,,,,,,
app.search,"","Search",,,,,,,,,
app.trend_hub,"","Trend Hub",,,,,,,,,
app.toggle_theme,"","Toggle Theme",,,,,,,,,
app.collecting_moments,"","Collecting moments...",,,,,,,,,
app.start_your_mindful_journey_wit,"","Start your mindful journey with StartlyTab",,,,,,,,,
app.start_your_mindful_day_and_get,"","Start your mindful day and get your free emotional workspace",,,,,,,,,
app.textpurple600_darktextpurple40,"","text-purple-600 dark:text-purple-400",,,,,,,,,
app.t_immediately_complete_to_avoi,"","t immediately complete to avoid the",,,,,,,,,
app.mt10_textsm_textgray400_darkte,"","mt-10 text-sm text-gray-400 dark:text-gray-500 tracking-wide",,,,,,,,,
app.stglow_115s_easeinout_infinite,"","st-glow 1.15s ease-in-out infinite",,,,,,,,,
app.stshadow_115s_easeinout_infini,"","st-shadow 1.15s ease-in-out infinite",,,,,,,,,
app.stjump_115s_cubicbezier22931_i,"","st-jump 1.15s cubic-bezier(.22,.9,.3,1) infinite",,,,,,,,,
app.msg_iqaf,"正在同步你的快乐能量...","",,,,,,,,,
app.msg_q4t9,"正在感知你的平静...","",,,,,,,,,
app.msg_wwsz,"捕捉到了你的愤怒频率...","",,,,,,,,,
app.msg_9tum,"感应到了你的焦虑状态...","",,,,,,,,,
app.msg_n2lq,"正在接收你的伤感信号...","",,,,,,,,,
app.msg_8ku2,"捕捉到了你的疲惫状态...","",,,,,,,,,
app.chinese_simplified,"","Chinese (Simplified)",,,,,,,,,
app.msg_7j8b,"正在感受你的情绪...","",,,,,,,,,
app.english,"","English",,,,,,,,,
app.feeling_your_emotion,"","Feeling your emotion...",,,,,,,,,
app.japanese,"","Japanese",,,,,,,,,
app.msg_b2dn,"あなたの感情を感じています...","",,,,,,,,,
app.korean,"","Korean",,,,,,,,,
app.german,"","German",,,,,,,,,
app.fhle_deine_emotionen,"","Fühle deine Emotionen...",,,,,,,,,
app.french,"","French",,,,,,,,,
app.ressentir_votre_motion,"","Ressentir votre émotion...",,,,,,,,,
app.spanish,"","Spanish",,,,,,,,,
app.sintiendo_tu_emocin,"","Sintiendo tu emoción...",,,,,,,,,
app.italian,"","Italian",,,,,,,,,
app.sentendo_la_tua_emozione,"","Sentendo la tua emozione...",,,,,,,,,
app.portuguese,"","Portuguese",,,,,,,,,
app.sentindo_a_sua_emoo,"","Sentindo a sua emoção...",,,,,,,,,
app.relative_mb4,"","relative mb-4",,,,,,,,,
app.wfull_hfull_objectcontain,"","w-full h-full object-contain",,,,,,,,,
app.msg_vzwg,"正在深度感应...","",,,,,,,,,
app.text10px_fontbold_tracking02em,"","text-[10px] font-bold tracking-[0.2em] uppercase text-black/30 dark:text-white/30",,,,,,,,,
app.preferscolorscheme_dark,"","(prefers-color-scheme: dark)",,,,,,,,,
app.current_user,"","Current user:",,,,,,,,,
app.restore_failed,"","Restore failed",,,,,,,,,
app.clearing_perspective_pools,"","- Clearing perspective pools",,,,,,,,,
app.refresh,"","REFRESH",,,,,,,,,
app.navigate,"","NAVIGATE",,,,,,,,,
app.hidden,"","HIDDEN",,,,,,,,,
app.failed_to_save_changes_please_,"","Failed to save changes. Please try again.",,,,,,,,,
app.new_user,"","New User",,,,,,,,,
app.failed_to_load_your_data_cloud,"","Failed to load your data. Cloud sync disabled. Please refresh.",,,,,,,,,
app.signed_out_successfully,"","Signed out successfully",,,,,,,,,
app.unknown,"","Unknown",,,,,,,,,
app.failed_to_generate_perspective,"","Failed to generate perspective",,,,,,,,,
app.jumping_star,"","jumping star",,,,,,,,,
app.enter,"","Enter",,,,,,,,,
app.inter,"","Inter",,,,,,,,,
app.400_14px,"","400 14px",,,,,,,,,
app.400_16px,"","400 16px",,,,,,,,,
app.400_32px,"","400 32px",,,,,,,,,
app.rest_is_not_idleness,"","Rest is not idleness,",,,,,,,,,
app.but_a_necessary_pause,"","but a necessary pause.",,,,,,,,,
app.600_10px,"","600 10px",,,,,,,,,
app.share_quote,"","SHARE QUOTE",,,,,,,,,
app.intentional_gateways,"","Intentional Gateways",,,,,,,,,
app.400_20px,"","400 20px",,,,,,,,,
app.400_12px,"","400 12px",,,,,,,,,
app.your_personal_shortcuts_always,"","Your personal shortcuts, always ready.",,,,,,,,,
app.400_72px,"","400 72px",,,,,,,,,
app.400_140px,"","400 140px",,,,,,,,,
app.500_20px,"","500 20px",,,,,,,,,
app.0substring0_1useremailsplit,"",")[0].substring(0, 1)}***@${user.email.split(",,,,,,,,,
app.shared_via_startlytab,"","Shared via StartlyTab",,,,,,,,,
app.500_36px,"","500 36px",,,,,,,,,
app.400_22px,"","400 22px",,,,,,,,,
app.start_your_day_softly,"","Start your day softly",,,,,,,,,
app.400_18px,"","400 18px",,,,,,,,,
app.a_warm_browser_start_page_for_,"","A warm browser start page for focused minds.",,,,,,,,,
app.perceiving,"","Perceiving",,,,,,,,,
app.sensing,"","Sensing",,,,,,,,,
app.logged_in,"","logged in",,,,,,,,,
app.logged_out,"","logged out",,,,,,,,,
app.logged_in_from_another_tab,"","Logged in from another tab",,,,,,,,,
app.logged_out_from_another_tab,"","Logged out from another tab",,,,,,,,,
app.gateway_updated_from_another_t,"","Gateway updated from another tab",,,,,,,,,
app.fixed_inset0_pointereventsnone,"","fixed inset-0 pointer-events-none z-0",,,,,,,,,
app.w11_h11_objectcontain,"","w-11 h-11 object-contain",,,,,,,,,
app.logotext_textxl_textgray800_da,"","logo-text text-xl text-gray-800 dark:text-gray-200",,,,,,,,,
app.ml6_relative,"","ml-6 relative",,,,,,,,,
app.w18px_h18px,"","w-[18px] h-[18px]",,,,,,,,,
app.absolute_right0_top12_translat,"","absolute right-0 top-1/2 -translate-y-1/2 w-px h-[30px] bg-black/5 dark:bg-white/5",,,,,,,,,
app.w4_h4_textwhite,"","w-4 h-4 text-white",,,,,,,,,
app.bggray50_darkbgwhite5,"","bg-gray-50 dark:bg-white/5",,,,,,,,,
app.w4_h4,"","w-4 h-4",,,,,,,,,
app.textsm_textgray800_darktextgra,"","text-sm text-gray-800 dark:text-gray-200",,,,,,,,,
app.w5_h5_textgray500_darktextgray,"","w-5 h-5 text-gray-500 dark:text-gray-400 group-hover:text-indigo-500 transition-colors",,,,,,,,,
app.absolute_top15_right15_textind,"","absolute top-1.5 right-1.5 text-indigo-500 pointer-events-none animate-pulse",,,,,,,,,
app.w5_h5_textgray500,"","w-5 h-5 text-gray-500",,,,,,,,,
app.w5_h5_textgray400,"","w-5 h-5 text-gray-400",,,,,,,,,
app.maxw6xl_lgmaxw90rem,"","max-w-6xl lg:max-w-[90rem]",,,,,,,,,
app.maxw5xl_lgmaxw6xl,"","max-w-5xl lg:max-w-6xl",,,,,,,,,
app.maxw6xl_lgmaxw85rem,"","max-w-6xl lg:max-w-[85rem]",,,,,,,,,
app.mt8_mdmt12_lgmt16,"","-mt-8 md:-mt-12 lg:-mt-16",,,,,,,,,
app.text3xl_mdtext5xl_lgtext6xl,"","text-3xl md:text-5xl lg:text-6xl",,,,,,,,,
app.text4xl_mdtext6xl_lgtext45rem,"","text-4xl md:text-6xl lg:text-[4.5rem]",,,,,,,,,
app.text5xl_mdtext7xl_lgtext55rem_,"","text-5xl md:text-7xl lg:text-[5.5rem] font-medium leading-[1.2]",,,,,,,,,
app.text4xl_mdtext6xl_lgtext7xl,"","text-4xl md:text-6xl lg:text-7xl",,,,,,,,,
app.text5xl_mdtext7xl_lgtext55rem_,"","text-5xl md:text-7xl lg:text-[5.5rem] font-medium leading-[1.15]",,,,,,,,,
app.relative_group_inlineblock_edi,"","relative group inline-block editorial-title",,,,,,,,,
app.absolute_right10_top4_cursorhe,"","absolute -right-10 -top-4 cursor-help inline-block no-editorial-title",,,,,,,,,
app.text2xl_animatepulse_inlineblo,"","text-2xl animate-pulse inline-block",,,,,,,,,
app.msg_od0c,"我注意到了你最近的心理节律。","",,,,,,,,,
app.msg_rh52,"这是来自你昨天的节奏反馈。","",,,,,,,,,
app.ve_noticed_your_recent_psychol,"","ve noticed your recent psychological rhythm.",,,,,,,,,
app.this_is_feedback_from_your_rhy,"","This is feedback from your rhythm yesterday.",,,,,,,,,
app.opacity0_scale95_pointerevents,"","opacity-0 scale-95 pointer-events-none",,,,,,,,,
app.opacity100_scale100,"","opacity-100 scale-100",,,,,,,,,
app.bggray400_cursornotallowed_opa,"","bg-gray-400 cursor-not-allowed opacity-50",,,,,,,,,
app.bgblack_darkbgwhite_textwhite_,"","bg-black dark:bg-white text-white dark:text-black hover:scale-[1.02] active:scale-95",,,,,,,,,
app.animatespin_h35_w35,"","animate-spin h-3.5 w-3.5",,,,,,,,,
app.w64px_h64px,"","w-[64px] h-[64px]",,,,,,,,,
app.opacity60_italic,"","opacity-60 italic",,,,,,,,,
app.absolute_bottom1_left12_transl,"","absolute -bottom-1 left-1/2 -translate-x-1/2 w-2.5 h-2.5 bg-black/90 dark:bg-white rotate-45",,,,,,,,,
app.opacity0_scale50_pointerevents,"","opacity-0 scale-50 pointer-events-none",,,,,,,,,
app.opacity100_translatex0_scale10,"","opacity-100 translate-x-0 scale-100",,,,,,,,,
app.opacity0_translatex8_scale90_p,"","opacity-0 translate-x-8 scale-90 pointer-events-none",,,,,,,,,
app.en,"",", en:",,,,,,,,,
app.hoverbgblack5_darkhoverbgwhite,"","hover:bg-black/5 dark:hover:bg-white/10 hover:scale-110 active:scale-95",,,,,,,,,
app.wfull_maxw7xl_px8_pb14_z10_ani,"","w-full max-w-7xl px-8 pb-14 z-10 animate-reveal",,,,,,,,,
app.textgray400_darktextgray500_te,"","text-gray-400 dark:text-gray-500 text-sm leading-relaxed mb-6",,,,,,,,,
app.animatespin_h5_w5_textindigo50,"","animate-spin h-5 w-5 text-indigo-500",,,,,,,,,
app.textgray500_fontbold_trackingt,"","text-gray-500 font-bold tracking-tight",,,,,,,,,
app.fontbold_trackingtight,"","font-bold tracking-tight",,,,,,,,,
app.relative_inlineblock_group,"","relative inline-block group",,,,,,,,,
app.opacity20_pointereventsnone_sc,"","opacity-20 pointer-events-none scale-95",,,,,,,,,
app.hoverscale102_activescale098,"","hover:scale-[1.02] active:scale-[0.98]",,,,,,,,,
app.textxs_fontbold_textgray600_da,"","text-xs font-bold text-gray-600 dark:text-gray-300 uppercase tracking-widest",,,,,,,,,
app.text10px_textgray400_hovertext,"","text-[10px] text-gray-400 hover:text-gray-600 dark:hover:text-gray-300 font-medium",,,,,,,,,
app.textgray300_darktextgray700_te,"","text-gray-300 dark:text-gray-700 text-[10px]",,,,,,,,,
dailyrhythm.1000_am,"","10:00 AM",,,,,,,,,
dailyrhythm.morning_the_gentle_launch,"","Morning | The Gentle Launch",,,,,,,,,
dailyrhythm.start_slow_to_go_far_you_don,"","Start slow to go far. You don",,,,,,,,,
dailyrhythm.re_steady_not_rushed,"","re steady, not rushed.",,,,,,,,,
dailyrhythm.radialgradientcircle_ef4444_0_,"","radial-gradient(circle, #EF4444 0%, #F97316 40%, transparent 70%)",,,,,,,,,
dailyrhythm.1150_am,"","11:50 AM",,,,,,,,,
dailyrhythm.midday_the_soul_fuel,"","Midday | The Soul Fuel",,,,,,,,,
dailyrhythm.task_almost_done_you,"","Task almost done? You",,,,,,,,,
dailyrhythm.radialgradientcircle_ffffff_0_,"","radial-gradient(circle, #FFFFFF 0%, #FDE047 30%, #EAB308 50%, transparent 70%)",,,,,,,,,
dailyrhythm.0315_pm,"","03:15 PM",,,,,,,,,
dailyrhythm.afternoon_the_flow_state_hack,"","Afternoon | The Flow State Hack",,,,,,,,,
dailyrhythm.feeling_the_fog_don,"","Feeling the fog? Don",,,,,,,,,
dailyrhythm.radialgradientcircle_fde047_0_,"","radial-gradient(circle, #FDE047 0%, transparent 70%)",,,,,,,,,
dailyrhythm.absolute_w600px_h600px_animate,"","absolute w-[600px] h-[600px] animate-spin-slow opacity-60",,,,,,,,,
dailyrhythm.radialgradientcircle_black_10_,"","radial-gradient(circle, black 10%, transparent 60%)",,,,,,,,,
dailyrhythm.0945_pm,"","09:45 PM",,,,,,,,,
dailyrhythm.late_night_the_permission_to_u,"","Late Night | The Permission to Unplug",,,,,,,,,
dailyrhythm.still_here_your_dedication_is_,"","Still here? Your dedication is incredible, but you are not a machine. It",,,,,,,,,
dailyrhythm.radialgradientcircle_fef08a_0_,"","radial-gradient(circle, #FEF08A 0%, transparent 60%)",,,,,,,,,
dailyrhythm.relative_wfull_h800vh_z10_bgfa,"","relative w-full h-[800vh] z-10 bg-[#FAFAFA] dark:bg-black",,,,,,,,,
dailyrhythm.absolute_inset0_transitionopac,"","absolute inset-0 transition-opacity duration-[1500ms] ease-out dark:hidden z-0",,,,,,,,,
dailyrhythm.absolute_inset0_transitionopac,"","absolute inset-0 transition-opacity duration-[1500ms] ease-out hidden dark:block z-0",,,,,,,,,
dailyrhythm.absolute_top12_left12_translat,"","absolute top-1/2 left-1/2 -translate-x-1/2 -translate-y-1/2 w-[850px] h-[850px] pointer-events-none z-0",,,,,,,,,
dailyrhythm.opacity0_scale75_blur3xl,"","opacity-0 scale-75 blur-3xl",,,,,,,,,
dailyrhythm.normal,"","Normal",,,,,,,,,
dailyrhythm.relative_z10_mt4_text14px_mdte,"","relative z-10 mt-4 text-[14px] md:text-[16px] font-medium tracking-[0.05em] text-center px-6 transition-colors duration-[1500ms] opacity-[0.7]",,,,,,,,,
debuginfo.auth_debug,"","Auth Debug",,,,,,,,,
debuginfo.app_user,"","App User:",,,,,,,,,
debuginfo.ls_focustabuser,"","LS focus_tab_user:",,,,,,,,,
debuginfo.ls_explicitsignout,"","LS explicit_signout:",,,,,,,,,
debuginfo.fontbold_textyellow300_mb1,"","font-bold text-yellow-300 mb-1",,,,,,,,,
gatewayeditmodal.edit_gateway,"","Edit Gateway",,,,,,,,,
gatewayeditmodal.customize_details_leave_empty_,"","Customize details. Leave empty to use default.",,,,,,,,,
gatewayeditmodal.url,"","URL",,,,,,,,,
gatewayeditmodal.group,"","Group",,,,,,,,,
gatewayeditmodal.custom_name,"","Custom name",,,,,,,,,
gatewayeditmodal.upload_logo,"","Upload logo",,,,,,,,,
gatewayeditmodal.well_store_the_uploaded_image_,"","We’ll store the uploaded image locally for fast display and back it up to Supabase.",,,,,,,,,
gatewayeditmodal.reset_to_default,"","Reset to default",,,,,,,,,
gatewayeditmodal.clears_custom_name_and_logo,"","Clears custom name and logo.",,,,,,,,,
gatewayeditmodal.close,"","Close",,,,,,,,,
gatewayeditmodal.shortcuts,"","Shortcuts",,,,,,,,,
gatewayeditmodal.textxs_textgray500_darktextgra,"","text-xs text-gray-500 dark:text-gray-400 mt-1",,,,,,,,,
gatewayeditmodal.you_have_unsaved_changes_are_y,"","You have unsaved changes. Are you sure you want to discard them?",,,,,,,,,
gatewayeditmodal.mt7_spacey6,"","mt-7 space-y-6",,,,,,,,,
gatewayeditmodal.text10px_fontbold_textgray400_,"","text-[10px] font-bold text-gray-400 dark:text-gray-500 uppercase tracking-widest",,,,,,,,,
gatewayeditmodal.w9_h9_objectcontain_opacity90,"","w-9 h-9 object-contain opacity-90",,,,,,,,,
gatewayeditmodal.text11px_textgray500_darktextg,"","text-[11px] text-gray-500 dark:text-gray-400 truncate max-w-[160px]",,,,,,,,,
gatewayeditmodal.text11px_textgray400_darktextg,"","text-[11px] text-gray-400 dark:text-gray-500 mt-2",,,,,,,,,
gatewayeditmodal.textxs_fontsemibold_textgray80,"","text-xs font-semibold text-gray-800 dark:text-gray-100",,,,,,,,,
gatewayeditmodal.text11px_textgray500_darktextg,"","text-[11px] text-gray-500 dark:text-gray-400",,,,,,,,,
gatewayeditmodal.bgblack_darkbgwhite_textwhite_,"","bg-black dark:bg-white text-white dark:text-black",,,,,,,,,
gatewayeditmodal.resetting,"","Resetting",,,,,,,,,
gatewayeditmodal.reset,"","Reset",,,,,,,,,
integrationgateways.add_new_gateway,"","Add New Gateway",,,,,,,,,
integrationgateways.title_optional,"","Title (Optional)",,,,,,,,,
integrationgateways.custom_logo_optional,"","Custom Logo (Optional)",,,,,,,,,
integrationgateways.cancel,"","Cancel",,,,,,,,,
integrationgateways.delete,"","Delete",,,,,,,,,
integrationgateways.expand,"","Expand",,,,,,,,,
integrationgateways.new_group,"","New Group",,,,,,,,,
integrationgateways.add_gateway,"","Add Gateway",,,,,,,,,
integrationgateways.msg_jyu9,"常用快捷指令与工具集合","",,,,,,,,,
integrationgateways.enter_new_group_name,"","Enter new group name...",,,,,,,,,
integrationgateways.check_news,"","Check News...",,,,,,,,,
integrationgateways.rename_group,"","Rename Group",,,,,,,,,
integrationgateways.delete_group,"","Delete Group",,,,,,,,,
integrationgateways.cursorgrab_activecursorgrabbin,"","cursor-grab active:cursor-grabbing animate-shake-infinite",,,,,,,,,
integrationgateways.w6_h6_objectcontain,"","w-6 h-6 object-contain",,,,,,,,,
integrationgateways.textsm_fontsemibold_textgray90,"","text-sm font-semibold text-gray-900 dark:text-gray-100 truncate pointer-events-none",,,,,,,,,
integrationgateways.w3_h3,"","w-3 h-3",,,,,,,,,
integrationgateways.w5_h5,"","w-5 h-5",,,,,,,,,
integrationgateways.absolute_bottomfull_left12_tra,"","absolute bottom-full left-1/2 -translate-x-1/2 mb-2 w-max max-w-[200px] z-50 pointer-events-none opacity-0 group-hover:opacity-100 transition-opacity duration-200",,,,,,,,,
integrationgateways.text2xl_fontbold_textgray900_d,"","text-2xl font-bold text-gray-900 dark:text-gray-100",,,,,,,,,
integrationgateways.text10px_fontbold_textgray400_,"","text-[10px] font-bold text-gray-400 dark:text-gray-500 uppercase tracking-widest pl-1",,,,,,,,,
integrationgateways.mt2_spacey3,"","mt-2 space-y-3",,,,,,,,,
integrationgateways.flex_gap2,"","flex gap-2",,,,,,,,,
integrationgateways.text11px_textgray500_darktextg,"","text-[11px] text-gray-500 dark:text-gray-400 truncate max-w-[100px]",,,,,,,,,
integrationgateways.opacity50_cursornotallowed_bgg,"","opacity-50 cursor-not-allowed bg-gray-300 text-gray-500",,,,,,,,,
integrationgateways.bgblack_darkbgwhite_textwhite_,"","bg-black dark:bg-white text-white dark:text-black hover:scale-105",,,,,,,,,
integrationgateways.textlg_fontbold_textgray900_da,"","text-lg font-bold text-gray-900 dark:text-white mb-2",,,,,,,,,
integrationgateways.delete_shortcut,"","Delete Shortcut?",,,,,,,,,
integrationgateways.textsm_textgray500_darktextgra,"","text-sm text-gray-500 dark:text-gray-400 mb-6",,,,,,,,,
integrationgateways.this_action_cannot_be_undone,"","This action cannot be undone.",,,,,,,,,
integrationgateways.msg_cikq,"快捷指令","",,,,,,,,,
integrationgateways.ghost,"","Ghost",,,,,,,,,
integrationgateways.ghost_link,"","Ghost Link",,,,,,,,,
integrationgateways.escape,"","Escape",,,,,,,,,
integrationgateways.wfull_maxw7xl,"","w-full max-w-7xl",,,,,,,,,
integrationgateways.grid_gridcols2_smgridcols3_mdg,"","grid grid-cols-2 sm:grid-cols-3 md:grid-cols-4 lg:grid-cols-5 xl:grid-cols-6 gap-3 md:gap-4",,,,,,,,,
integrationgateways.textsm_fontsemibold_textgray80,"","text-sm font-semibold text-gray-800 dark:text-gray-200 truncate",,,,,,,,,
integrationgateways.opacity100_translatey0,"","opacity-100 translate-y-0",,,,,,,,,
integrationgateways.opacity0_translatey4,"","opacity-0 translate-y-4",,,,,,,,,
integrationgateways.fixed_inset0_z100000_opacity10,"","fixed inset-0 z-[100000] opacity-100 visible font-sans",,,,,,,,,
integrationgateways.absolute_inset0_bggray20095_da,"","absolute inset-0 bg-gray-200/95 dark:bg-black/95 backdrop-blur-3xl z-[100001]",,,,,,,,,
integrationgateways.absolute_top0_left0_right0_h24,"","absolute top-0 left-0 right-0 h-24 bg-gradient-to-b from-gray-200 via-gray-200/95 to-transparent dark:from-black dark:via-black/95 dark:to-transparent z-[100003] pointer-events-none",,,,,,,,,
integrationgateways.add_a_new_gateway,"","Add a new gateway",,,,,,,,,
integrationgateways.wpx_h8_bgblack5_darkbgwhite5_m,"","w-px h-8 bg-black/5 dark:bg-white/5 mx-2",,,,,,,,,
integrationgateways.fontbold_text10px_trackingwide,"","font-bold text-[10px] tracking-widest",,,,,,,,,
integrationgateways.done,"","DONE",,,,,,,,,
integrationgateways.edit,"","EDIT",,,,,,,,,
integrationgateways.relative_z100002_wfull_hfull_o,"","relative z-[100002] w-full h-full overflow-y-auto",,,,,,,,,
integrationgateways.wfull_maxw90_mxauto_pt24_pb32_,"","w-full max-w-[90%] mx-auto pt-24 pb-32 px-8",,,,,,,,,
integrationgateways.animatein_fadein_slideinfrombo,"","animate-in fade-in slide-in-from-bottom-4 duration-500 fill-mode-backwards",,,,,,,,,
integrationgateways.mb5_pl1_grouptitle,"","mb-5 pl-1 group/title",,,,,,,,,
integrationgateways.text2xl_fontbold_textgray900_d,"","text-2xl font-bold text-gray-900 dark:text-white",,,,,,,,,
integrationgateways.textsm_textgray500_darktextgra,"","text-sm text-gray-500 dark:text-gray-400 font-medium",,,,,,,,,
integrationgateways.grid_gridcols2_mdgridcols4_lgg,"","grid grid-cols-2 md:grid-cols-4 lg:grid-cols-6 xl:grid-cols-7 2xl:grid-cols-8 gap-4",,,,,,,,,
integrationgateways.opacity40_pointereventsnone,"","opacity-40 pointer-events-none",,,,,,,,,
integrationgateways.bggray200_darkbggray800,"","bg-gray-200 dark:bg-gray-800",,,,,,,,,
integrationgateways.bggray100_darkbgwhite10_grouph,"","bg-gray-100 dark:bg-white/10 group-hover:scale-110",,,,,,,,,
integrationgateways.w5_h5_textgray400_darktextgray,"","w-5 h-5 text-gray-400 dark:text-gray-600",,,,,,,,,
integrationgateways.w5_h5_textgray400_grouphoverte,"","w-5 h-5 text-gray-400 group-hover:text-orange-500 transition-colors",,,,,,,,,
integrationgateways.opacity90_scale105_cursorgrabb,"","opacity-90 scale-105 cursor-grabbing",,,,,,,,,
integrationgateways.textsm_fontsemibold_textgray90,"","text-sm font-semibold text-gray-900 dark:text-gray-100 truncate",,,,,,,,,
integrationgateways.this_will_delete_the_group_and,"","This will delete the group and all shortcuts inside it.",,,,,,,,,
preferenceinputmodal.gentle_and_mindful_like_the_so,"","Gentle and mindful, like the soft light of a sunrise over a quiet lake.",,,,,,,,,
preferenceinputmodal.px12_pt12_pb8,"","px-12 pt-12 pb-8",,,,,,,,,
preferenceinputmodal.textsm_textgray500_darktextgra,"","text-sm text-gray-500 dark:text-gray-400 leading-relaxed mb-6",,,,,,,,,
preferenceinputmodal.mt2_textxs_textgray400_darktex,"","mt-2 text-xs text-gray-400 dark:text-gray-500 text-right",,,,,,,,,
preferenceinputmodal.text11px_textgray400_darktextg,"","text-[11px] text-gray-400 dark:text-gray-500",,,,,,,,,
preferenceinputmodal.save,"","Save",,,,,,,,,
preferenceinputmodal.wfull_py4_textgray500_darktext,"","w-full py-4 text-gray-500 dark:text-gray-400 text-sm font-medium hover:text-gray-700 dark:hover:text-gray-200 transition-colors",,,,,,,,,
preferenceinputmodal.mt6_textxs_textgray400_darktex,"","mt-6 text-xs text-gray-400 dark:text-gray-500 text-center leading-relaxed",,,,,,,,,
settings.promise,"","Promise",,,,,,,,,
settings.lifetime,"","Lifetime",,,,,,,,,
settings.pro,"","Pro",,,,,,,,,
settings.free,"","Free",,,,,,,,,
settings.gateways,"","Gateways",,,,,,,,,
settings.gateway_limit_reached,"","Gateway limit reached",,,,,,,,,
settings.add,"","Add",,,,,,,,,
settings.active_gateways,"","Active Gateways",,,,,,,,,
settings.sign_in_to_manage_gateways,"","Sign in to manage gateways",,,,,,,,,
settings.backup_restore,"","Backup & Restore",,,,,,,,,
settings.export_your_gateways_to_a_file,"","Export your gateways to a file or restore from a backup.",,,,,,,,,
settings.export_data,"","Export Data",,,,,,,,,
settings.save_gateways_to_json,"","Save gateways to JSON",,,,,,,,,
settings.import_data,"","Import Data",,,,,,,,,
settings.restore_shortcuts_from_file,"","Restore shortcuts from file",,,,,,,,,
settings.import_from_infinity_tab,"","Import from Infinity Tab",,,,,,,,,
settings.migrate_your_data_from_infinit,"","Migrate your data from Infinity New Tab extension.",,,,,,,,,
settings.select_infinity_backup_file,"","Select Infinity Backup File",,,,,,,,,
settings.usually_a_json_file_exported_f,"","Usually a .json file exported from Infinity settings",,,,,,,,,
settings.browse,"","Browse",,,,,,,,,
settings.intentions,"","Intentions",,,,,,,,,
settings.new_seed,"","New Seed",,,,,,,,,
settings.intention_limit_reached,"","Intention limit reached",,,,,,,,,
settings.plant,"","Plant",,,,,,,,,
settings.redeem_feature,"","Redeem Feature",,,,,,,,,
settings.enable_redeem_code,"","Enable Redeem Code",,,,,,,,,
settings.turn_on_to_use_redeem_codes,"","Turn on to use redeem codes",,,,,,,,,
settings.redeem_code,"","Redeem Code",,,,,,,,,
settings.sign_out,"","Sign Out",,,,,,,,,
settings.sign_in_to_securely_sync_your_,"","Sign in to securely sync your Studio settings and gateways across all devices.",,,,,,,,,
settings.data_backup,"","Data & Backup",,,,,,,,,
settings.startlytab_pro_needed,"","StartlyTab Pro Needed",,,,,,,,,
settings.export,"","Export",,,,,,,,,
settings.import,"","Import",,,,,,,,,
settings.import_from_infinity,"","Import from Infinity",,,,,,,,,
settings.order_subscription_history,"","Order & Subscription History",,,,,,,,,
settings.no_transaction_history_found,"","No transaction history found",,,,,,,,,
settings.edit_gateway,"","Edit gateway",,,,,,,,,
settings.remove_gateway,"","Remove gateway",,,,,,,,,
settings.eg_tips_for_deep_focus,"","e.g. Tips for deep focus",,,,,,,,,
settings.text10px_fontbold_trackingwide,"","text-[10px] font-bold tracking-wider uppercase",,,,,,,,,
settings.unable_to_open_subscription_po,"","Unable to open subscription portal. Please contact support.",,,,,,,,,
settings.failed_to_load_subscription_po,"","Failed to load subscription portal.",,,,,,,,,
settings.unknown_error,"","Unknown error",,,,,,,,,
settings.are_you_sure_you_want_to_cance,"","Are you sure you want to cancel this subscription?",,,,,,,,,
settings.subscription_cancelled_success,"","Subscription cancelled successfully.",,,,,,,,,
settings.failed_to_cancel_subscription,"","Failed to cancel subscription.",,,,,,,,,
settings.an_error_occurred_while_cancel,"","An error occurred while cancelling.",,,,,,,,,
settings.are_you_sure_you_want_to_reque,"","Are you sure you want to request a refund for this transaction? Your subscription privileges will be revoked immediately.",,,,,,,,,
settings.refund_initiated_successfully,"","Refund initiated successfully.",,,,,,,,,
settings.failed_to_initiate_refund_plea,"","Failed to initiate refund. Please contact support.",,,,,,,,,
settings.an_error_occurred_while_reques,"","An error occurred while requesting a refund.",,,,,,,,,
settings.please_sign_in_to_add_gateways,"","Please sign in to add gateways",,,,,,,,,
settings.gateway,"","Gateway",,,,,,,,,
settings.fetching_details,"","Fetching details...",,,,,,,,,
settings.gateway_added,"","Gateway added",,,,,,,,,
settings.gateway_added_using_fallback_d,"","Gateway added (using fallback details)",,,,,,,,,
settings.gateway_added_locally_but_sync,"","Gateway added locally, but sync failed. Please refresh and try again.",,,,,,,,,
settings.gateway_added_locally_but_sync,"","Gateway added locally, but sync failed.",,,,,,,,,
settings.failed_to_upload_logo_to_cloud,"","Failed to upload logo to cloud. Logo saved locally only.",,,,,,,,,
settings.bucket_not_found,"","Bucket not found",,,,,,,,,
settings.not_found,"","not found",,,,,,,,,
settings.storage_bucket_not_found_pleas,"","Storage bucket not found. Please check Supabase configuration.",,,,,,,,,
settings.rowlevel_security,"","row-level security",,,,,,,,,
settings.rls,"","RLS",,,,,,,,,
settings.permission_denied_please_check,"","Permission denied. Please check Storage bucket permissions.",,,,,,,,,
settings.failed_to_process_image_please,"","Failed to process image. Please try another file.",,,,,,,,,
settings.gateway_updated,"","Gateway updated",,,,,,,,,
settings.gateway_removed,"","Gateway removed",,,,,,,,,
settings.failed_to_remove_gateway_pleas,"","Failed to remove gateway. Please try again.",,,,,,,,,
settings.please_sign_in_to_add_intentio,"","Please sign in to add intentions",,,,,,,,,
settings.seed_planted,"","Seed planted",,,,,,,,,
settings.failed_to_save_please_try_agai,"","Failed to save. Please try again.",,,,,,,,,
settings.subscription_coming_soon,"","Subscription coming soon",,,,,,,,,
settings.seed_removed,"","Seed removed",,,,,,,,,
settings.failed_to_remove_please_try_ag,"","Failed to remove. Please try again.",,,,,,,,,
settings.data_exported_successfully,"","Data exported successfully",,,,,,,,,
settings.export_failed,"","Export failed:",,,,,,,,,
settings.failed_to_export_data,"","Failed to export data",,,,,,,,,
settings.infinity_import_error,"","Infinity import error:",,,,,,,,,
settings.infinity_tab_format_not_recogn,"","Infinity Tab format not recognized.",,,,,,,,,
settings.no_valid_links_found_in_file,"","No valid links found in file",,,,,,,,,
settings.overwrite_user,"","Overwrite user",,,,,,,,,
settings.delete_everything_else,"","Delete everything else",,,,,,,,,
settings.based_on_user_imported,"","based on user imported",,,,,,,,,
settings.importing_needs_to_cover_user,"","Importing... needs to cover user",,,,,,,,,
settings.cover,"","Cover",,,,,,,,,
settings.failed_to_import,"","Failed to import:",,,,,,,,,
settings.min80vh_720px,"","min(80vh, 720px)",,,,,,,,,
settings.logotext_text4xl_mdtext5xl_fon,"","logo-text text-4xl md:text-5xl font-normal text-gray-800 dark:text-gray-100 tracking-tight",,,,,,,,,
settings.text10px_fontbold_textindigo50,"","text-[10px] font-bold text-indigo-500 uppercase tracking-[0.3em] mt-2",,,,,,,,,
settings.data,"","Data",,,,,,,,,
settings.spacey10_animatereveal,"","space-y-10 animate-reveal",,,,,,,,,
settings.textgray600_darktextgray400,"","text-gray-600 dark:text-gray-400",,,,,,,,,
settings.fontsemibold_textgray800_darkt,"","font-semibold text-gray-800 dark:text-gray-200",,,,,,,,,
settings.textsm_textgray600_darktextgra,"","text-sm text-gray-600 dark:text-gray-400 mb-6 leading-relaxed",,,,,,,,,
settings.w5_h5_textwhite,"","w-5 h-5 text-white",,,,,,,,,
settings.textsm_fontsemibold_textgray80,"","text-sm font-semibold text-gray-800 dark:text-gray-100 mb-2",,,,,,,,,
settings.textxs_textgray600_darktextgra,"","text-xs text-gray-600 dark:text-gray-400 mb-4 leading-relaxed",,,,,,,,,
settings.flex_gap4,"","flex gap-4",,,,,,,,,
settings.grid_gridcols1_gap3,"","grid grid-cols-1 gap-3",,,,,,,,,
settings.w6_h6_objectcontain_opacity60,"","w-6 h-6 object-contain opacity-60",,,,,,,,,
settings.textgray400_darktextgray600,"","text-gray-400 dark:text-gray-600",,,,,,,,,
settings.textgray700_darktextgray200,"","text-gray-700 dark:text-gray-200",,,,,,,,,
settings.text10px_textgray400_truncate_,"","text-[10px] text-gray-400 truncate max-w-[200px]",,,,,,,,,
settings.p3_textgray300_hovertextgray70,"","p-3 text-gray-300 hover:text-gray-700 dark:hover:text-gray-100 transition-colors",,,,,,,,,
settings.p3_textgray300_hovertextred500,"","p-3 text-gray-300 hover:text-red-500 transition-colors",,,,,,,,,
settings.textsm_textgray500_darktextgra,"","text-sm text-gray-500 dark:text-gray-400",,,,,,,,,
settings.textlg_fontbold_textgray800_da,"","text-lg font-bold text-gray-800 dark:text-gray-100 mb-2",,,,,,,,,
settings.grid_gridcols1_mdgridcols2_gap,"","grid grid-cols-1 md:grid-cols-2 gap-6",,,,,,,,,
settings.textsm_fontsemibold_textgray70,"","text-sm font-semibold text-gray-700 dark:text-gray-200",,,,,,,,,
settings.text10px_textgray400_mt1,"","text-[10px] text-gray-400 mt-1",,,,,,,,,
settings.block_textsm_fontsemibold_text,"","block text-sm font-semibold text-gray-700 dark:text-gray-200",,,,,,,,,
settings.block_text10px_textgray400,"","block text-[10px] text-gray-400",,,,,,,,,
settings.textgray300_darktextgray600,"","text-gray-300 dark:text-gray-600",,,,,,,,,
settings.p3_textgray300_hovertextred500,"","p-3 text-gray-300 hover:text-red-500",,,,,,,,,
settings.redeem_enabled,"","Redeem enabled",,,,,,,,,
settings.redeem_disabled,"","Redeem disabled",,,,,,,,,
settings.setting_updated_locally_but_sy,"","Setting updated locally, but sync failed",,,,,,,,,
settings.failed_to_update_setting,"","Failed to update setting",,,,,,,,,
settings.bggray300_darkbggray600,"","bg-gray-300 dark:bg-gray-600",,,,,,,,,
settings.code_redeemed_successfully_mem,"","Code redeemed successfully! Membership unlocked.",,,,,,,,,
settings.invalid_code_please_check_and_,"","Invalid code. Please check and try again.",,,,,,,,,
settings.this_code_has_been_disabled,"","This code has been disabled.",,,,,,,,,
settings.this_code_has_already_been_red,"","This code has already been redeemed.",,,,,,,,,
settings.this_code_has_expired,"","This code has expired.",,,,,,,,,
settings.please_sign_in_to_redeem_a_cod,"","Please sign in to redeem a code.",,,,,,,,,
settings.network_error_please_try_again,"","Network error. Please try again later.",,,,,,,,,
settings.an_error_occurred_please_try_a,"","An error occurred. Please try again.",,,,,,,,,
settings.failed_to_redeem_code,"","Failed to redeem code.",,,,,,,,,
settings.redeem,"","Redeem",,,,,,,,,
settings.textgreen700_darktextgreen300,"","text-green-700 dark:text-green-300",,,,,,,,,
settings.textred700_darktextred300,"","text-red-700 dark:text-red-300",,,,,,,,,
settings.textsm_textgray600_darktextgra,"","text-sm text-gray-600 dark:text-gray-400 text-center",,,,,,,,,
settings.w6_h6_textindigo500,"","w-6 h-6 text-indigo-500",,,,,,,,,
settings.textsm_fontsemibold_textindigo,"","text-sm font-semibold text-indigo-700 dark:text-indigo-300",,,,,,,,,
settings.textxs_textindigo600_darktexti,"","text-xs text-indigo-600 dark:text-indigo-400 mt-1",,,,,,,,,
settings.grid_gridcols2_gap4_animaterev,"","grid grid-cols-2 gap-4 animate-reveal",,,,,,,,,
settings.spacey8_animatereveal,"","space-y-8 animate-reveal",,,,,,,,,
settings.div_classname,"","/> : <div className=",,,,,,,,,
settings.textlg_fontbold_textgray800_da,"","text-lg font-bold text-gray-800 dark:text-gray-100",,,,,,,,,
settings.textsm_textgray400,"","text-sm text-gray-400",,,,,,,,,
settings.textsm_textgray500_mb10_leadin,"","text-sm text-gray-500 mb-10 leading-relaxed max-w-xs mx-auto",,,,,,,,,
settings.text10px_fontbold_textgray700_,"","text-[10px] font-bold text-gray-700 dark:text-gray-300 uppercase tracking-widest",,,,,,,,,
settings.continue_with_google,"","Continue with Google",,,,,,,,,
settings.text9px_fontbold_trackingwider,"","text-[9px] font-bold tracking-wider uppercase",,,,,,,,,
settings.opacity60_pointereventsnone_gr,"","opacity-60 pointer-events-none grayscale-[0.5]",,,,,,,,,
settings.grid_gridcols2_gap4,"","grid grid-cols-2 gap-4",,,,,,,,,
settings.textindigo500_grouphoverscale1,"","text-indigo-500 group-hover:scale-110 transition-transform mb-1",,,,,,,,,
settings.textxs_fontbold_textgray700_da,"","text-xs font-bold text-gray-700 dark:text-gray-200",,,,,,,,,
settings.text10px_fontbold_textgray400_,"","text-[10px] font-bold text-gray-400 uppercase tracking-wider",,,,,,,,,
settings.text9px_fontbold_textindigo500,"","text-[9px] font-bold text-indigo-500 hover:text-indigo-600 dark:text-indigo-400 uppercase tracking-widest disabled:opacity-50",,,,,,,,,
settings.refresh,"","Refresh",,,,,,,,,
settings.bggreen50_darkbggreen90020_tex,"","bg-green-50 dark:bg-green-900/20 text-green-500",,,,,,,,,
settings.bgred50_darkbgred90020_textred,"","bg-red-50 dark:bg-red-900/20 text-red-500",,,,,,,,,
settings.bgamber50_darkbgamber90020_tex,"","bg-amber-50 dark:bg-amber-900/20 text-amber-500",,,,,,,,,
settings.textxs_fontbold_textgray800_da,"","text-xs font-bold text-gray-800 dark:text-gray-200",,,,,,,,,
settings.startlytab_subscription,"","StartlyTab Subscription",,,,,,,,,
settings.text9px_textgray400_fontmedium,"","text-[9px] text-gray-400 font-medium",,,,,,,,,
settings.text9px_textgray300_darktextgr,"","text-[9px] text-gray-300 dark:text-gray-600",,,,,,,,,
settings.usd,"","USD",,,,,,,,,
settings.refund,"","Refund",,,,,,,,,
settings.mxauto_textgray300_darktextgra,"","mx-auto text-gray-300 dark:text-gray-600 mb-4 opacity-50",,,,,,,,,
settings.text10px_textgray400_fontbold_,"","text-[10px] text-gray-400 font-bold uppercase tracking-widest",,,,,,,,,
settings.noopener_noreferrer,"","noopener noreferrer",,,,,,,,,
settings.text10px_fontbold_textgray400_,"","text-[10px] font-bold text-gray-400 hover:text-gray-600 dark:hover:text-gray-200 uppercase tracking-widest transition-colors",,,,,,,,,
settings.textcenter_mt6,"","text-center mt-6",,,,,,,,,
settings.text9px_fontbold_textgray300_u,"","text-[9px] font-bold text-gray-300 uppercase tracking-widest opacity-50",,,,,,,,,
subscriptionpage.plan_updated_successfully,"","Plan updated successfully!",,,,,,,,,
subscriptionpage.no_hidden_fees,"","No hidden fees",,,,,,,,,
subscriptionpage.complete_and_calm_for_simple_s,"","Complete and calm for simple starts.",,,,,,,,,
subscriptionpage.w6_h6_textwhite,"","w-6 h-6 text-white",,,,,,,,,
subscriptionpage.daily_start,"","Daily Start",,,,,,,,,
subscriptionpage.2_gentle_new_perspective_refre,"","2 gentle New Perspective refreshes/session",,,,,,,,,
subscriptionpage.up_to_2_intentions_to_set_your,"","Up to 2 intentions to set your tone",,,,,,,,,
subscriptionpage.essentials,"","Essentials",,,,,,,,,
subscriptionpage.up_to_8_shortcuts_for_daily_es,"","Up to 8 shortcuts for daily essentials",,,,,,,,,
subscriptionpage.local_preferences_syncs_when_s,"","Local preferences (syncs when signed in)",,,,,,,,,
subscriptionpage.philosophy,"","Philosophy",,,,,,,,,
subscriptionpage.no_ads_no_tracking,"","No ads, no tracking",,,,,,,,,
subscriptionpage.complete_but_calm_experience,"","Complete but calm experience",,,,,,,,,
subscriptionpage.startly_pro,"","Startly Pro",,,,,,,,,
subscriptionpage.popular,"","Popular",,,,,,,,,
subscriptionpage.for_people_who_want_their_brow,"","For people who want their browser to grow with them.",,,,,,,,,
subscriptionpage.unlimited_flow,"","Unlimited Flow",,,,,,,,,
subscriptionpage.unlimited_perspective_refreshe,"","Unlimited Perspective refreshes",,,,,,,,,
subscriptionpage.unlimited_intentions_shortcuts,"","Unlimited Intentions & Shortcuts",,,,,,,,,
subscriptionpage.smart_system,"","Smart System",,,,,,,,,
subscriptionpage.smart_rotation_between_intenti,"","Smart rotation between intentions",,,,,,,,,
subscriptionpage.full_crossdevice_sync_backup,"","Full cross-device sync & backup",,,,,,,,,
subscriptionpage.pure_experience,"","Pure Experience",,,,,,,,,
subscriptionpage.priority_speed,"","Priority speed",,,,,,,,,
subscriptionpage.support_independent_calm_tech,"","Support independent calm tech",,,,,,,,,
subscriptionpage.limited,"","Limited",,,,,,,,,
subscriptionpage.pay_once_start_softly_every_da,"","Pay once. Start softly, every day.",,,,,,,,,
subscriptionpage.onetime_payment,"","One-time Payment",,,,,,,,,
subscriptionpage.no_subscription_no_renewals,"","No subscription, no renewals",,,,,,,,,
subscriptionpage.access_for_as_long_as_startlyt,"","Access for as long as StartlyTab exists",,,,,,,,,
subscriptionpage.all_pro_features,"","All Pro Features",,,,,,,,,
subscriptionpage.everything_in_pro_included,"","Everything in Pro included",,,,,,,,,
subscriptionpage.future_core_updates_included,"","Future core updates included",,,,,,,,,
subscriptionpage.ideal_for,"","Ideal For",,,,,,,,,
subscriptionpage.habitual_daily_users,"","Habitual daily users",,,,,,,,,
subscriptionpage.supporters_of_indie_calm_tech,"","supporters of indie calm tech",,,,,,,,,
subscriptionpage.mock_mode,"","Mock Mode",,,,,,,,,
subscriptionpage.s_map,"","s map",,,,,,,,,
subscriptionpage.to_reuse_existing_types_or_jus,"","to reuse existing types, or just",,,,,,,,,
subscriptionpage.minhscreen_bggradienttob_froma,"","min-h-screen bg-gradient-to-b from-[#AECFE8] to-[#F0F8FF] font-sans text-[#333]",,,,,,,,,
subscriptionpage.pt16_pb12_textcenter_textwhite,"","pt-16 pb-12 text-center text-white",,,,,,,,,
subscriptionpage.textwhite90_textsm_mdtextbase_,"","text-white/90 text-sm md:text-base font-medium tracking-wide",,,,,,,,,
subscriptionpage.maxw6xl_mxauto_px4_pb20,"","max-w-6xl mx-auto px-4 pb-20",,,,,,,,,
subscriptionpage.fixed_top6_right6_z50_animatei,"","fixed top-6 right-6 z-50 animate-in fade-in slide-in-from-top-4",,,,,,,,,
subscriptionpage.mo,"","/ mo",,,,,,,,,
subscriptionpage.forever,"","/ forever",,,,,,,,,
subscriptionpage.w6_h6_textgray800,"","w-6 h-6 text-gray-800",,,,,,,,,
subscriptionpage.w6_h6_textblue400,"","w-6 h-6 text-blue-400",,,,,,,,,
subscriptionpage.w6_h6_textgreen600,"","w-6 h-6 text-green-600",,,,,,,,,
subscriptionpage.textgray500_hovertextgray900,"","text-gray-500 hover:text-gray-900",,,,,,,,,
subscriptionpage.textxs_textgray400_mt1_linethr,"","text-xs text-gray-400 mt-1 line-through decoration-gray-300",,,,,,,,,
subscriptionpage.textxs_textgray500_mt1,"","text-xs text-gray-500 mt-1",,,,,,,,,
subscriptionpage.bggray200_textgray500_cursorno,"","bg-gray-200 text-gray-500 cursor-not-allowed",,,,,,,,,
subscriptionpage.bg222222_textwhite_hoverbgblac,"","bg-[#222222] text-white hover:bg-black",,,,,,,,,
subscriptionpage.opacity70_cursorwait,"","opacity-70 cursor-wait",,,,,,,,,
subscriptionpage.w4_h4_animatespin,"","w-4 h-4 animate-spin",,,,,,,,,
subscriptionpage.current_plan,"","Current Plan",,,,,,,,,
subscriptionpage.you_are_a_lifetime_user,"","You are a Lifetime user",,,,,,,,,
subscriptionpage.you_are_a_pro_user,"","You are a Pro user",,,,,,,,,
subscriptionpage.start_now,"","Start Now",,,,,,,,,
subscriptionpage.resume_builder,"","Resume Builder",,,,,,,,,
subscriptionpage.ai_assistant,"","AI Assistant",,,,,,,,,
subscriptionpage.document_management,"","Document Management",,,,,,,,,
subscriptionupsellmodal.unlock_more_gateways,"","Unlock more gateways",,,,,,,,,
subscriptionupsellmodal.organize_all_your_important_de,"","Organize all your important destinations in one place.",,,,,,,,,
subscriptionupsellmodal.unlimited_gateways,"","Unlimited Gateways",,,,,,,,,
subscriptionupsellmodal.maybe_later,"","Maybe later",,,,,,,,,
subscriptionupsellmodal.more_ways_to_start_your_day_so,"","More ways to start your day, softly",,,,,,,,,
subscriptionupsellmodal.pro_lets_you_create_unlimited_,"","Pro lets you create unlimited themes and rotate them naturally, so each day fits how you feel.",,,,,,,,,
subscriptionupsellmodal.unlimited_intentions,"","Unlimited Intentions",,,,,,,,,
subscriptionupsellmodal.keep_2_themes,"","Keep 2 themes",,,,,,,,,
subscriptionupsellmodal.textxs_textgray400_darktextgra,"","text-xs text-gray-400 dark:text-gray-500 text-center mt-2",,,,,,,,,
therhythmblueprint.it_becomes_a_rhythm,"","It becomes a rhythm.",,,,,,,,,
therhythmblueprint.a_quiet_tap_when_you_feel_stre,"","A quiet tap when you feel stressed.",,,,,,,,,
therhythmblueprint.a_gentle_line_when_you_feel_ti,"","A gentle line when you feel tired.",,,,,,,,,
therhythmblueprint.over_days_small_patterns_begin,"","Over days, small patterns begin to form.",,,,,,,,,
therhythmblueprint.not_to_judge_you_just_to_under,"","Not to judge you. Just to understand you.",,,,,,,,,
therhythmblueprint.just_shown_to_you,"","Just shown to you",,,,,,,,,
therhythmblueprint.frictionless_emotional_trackin,"","Frictionless Emotional Tracking",,,,,,,,,
therhythmblueprint.experience_the_rhythm,"","Experience the Rhythm",,,,,,,,,
therhythmblueprint.anxious,"","Anxious",,,,,,,,,
therhythmblueprint.exhausted,"","Exhausted",,,,,,,,,
therhythmblueprint.happy,"","Happy",,,,,,,,,
therhythmblueprint.startlytab_daily_mood_tracking,"","StartlyTab daily mood tracking chart and emotional rhythm patterns for burnout prevention",,,,,,,,,
therhythmblueprint.visualize_your_emotional_trend,"","Visualize your emotional trends without judgment",,,,,,,,,
therhythmblueprint.wfull_relative_py24_overflowhi,"","w-full relative py-24 overflow-hidden z-10",,,,,,,,,
therhythmblueprint.absolute_inset0_z0_pointereven,"","absolute inset-0 z-0 pointer-events-none",,,,,,,,,
therhythmblueprint.absolute_inset0_bggradienttobr,"","absolute inset-0 bg-gradient-to-br from-[#FFF5F0] via-[#FFFBF6] to-[#FDF8ED] dark:from-[#171212] dark:via-[#13100B] dark:to-[#0A0705]",,,,,,,,,
therhythmblueprint.human_warmth,"","human warmth",,,,,,,,,
therhythmblueprint.italic_textrose80080_darktextr,"","italic text-rose-800/80 dark:text-rose-200/80",,,,,,,,,
therhythmblueprint.textgray700_darktextgray300_te,"","text-gray-700 dark:text-gray-300 text-lg md:text-xl font-light leading-[1.7] space-y-2",,,,,,,,,
therhythmblueprint.block_fontmedium_textgray900_d,"","block font-medium text-gray-900 dark:text-white mt-4 italic",,,,,,,,,
therhythmblueprint.textlg_leadingnone,"","text-lg leading-none",,,,,,,,,
therhythmblueprint.opacity100_translatey0_pointer,"","opacity-100 translate-y-0 pointer-events-auto",,,,,,,,,
therhythmblueprint.opacity0_translatey8_pointerev,"","opacity-0 translate-y-8 pointer-events-none",,,,,,,,,
therhythmblueprint.textxl_mdtext2xl_textgray500_f,"","text-xl md:text-2xl text-gray-500 font-light italic mt-2 block",,,,,,,,,
therhythmblueprint.relative_z10,"","relative z-10",,,,,,,,,
therhythmblueprint.absolute_bottom1_left12_transl,"","absolute -bottom-1 left-1/2 -translate-x-1/2 w-2 h-2 bg-gray-900 dark:bg-white rotate-45",,,,,,,,,
therhythmblueprint.opacity0_translatey8_pointerev,"","opacity-0 -translate-y-8 pointer-events-none",,,,,,,,,
therhythmblueprint.wfull_h220px_relative_mt4_px10,"","w-full h-[220px] relative mt-4 px-10",,,,,,,,,
therhythmblueprint.wfull_hfull_overflowvisible,"","w-full h-full overflow-visible",,,,,,,,,
therhythmblueprint.absolute_top833_left245_transl,"","absolute top-[83.3%] left-[24.5%] -translate-x-1/2 -translate-y-1/2 z-10 hover:z-20 group",,,,,,,,,
therhythmblueprint.absolute_bottom1_left12_transl,"","absolute -bottom-1 left-1/2 -translate-x-1/2 w-2 h-2 bg-black dark:bg-white rotate-45",,,,,,,,,
therhythmblueprint.w5_h5_objectcontain,"","w-5 h-5 object-contain",,,,,,,,,
therhythmblueprint.px12_mt4_relative_z20,"","px-12 mt-4 relative z-20",,,,,,,,,
therhythmblueprint.it_looks_like_you_usually_feel,"","It looks like you usually feel overwhelmed around 3 PM on Tuesdays. Would you like a 5-minute deep breathing session scheduled for tomorrow?",,,,,,,,,
therhythmblueprint.w6_bgrose400,"","w-6 bg-rose-400",,,,,,,,,
therhythmblueprint.w2_bggray300_darkbggray600_hov,"","w-2 bg-gray-300 dark:bg-gray-600 hover:bg-gray-400",,,,,,,,,
trendhub.datenow_ltimestamp,"","Date.now() - l.timestamp",,,,,,,,,
trendhub.msg_khfa,"正在查阅你过去七天的情绪档案...","",,,,,,,,,
trendhub.msg_mjns,"致这七天保持沉默的你：","",,,,,,,,,
trendhub.0,"我看了下，过去这一周，你在这里留下了 0 条情绪印记。","",,,,,,,,,
trendhub.7,"很多打卡软件在这个时候会提醒你“你已经断签 7 天了”，但我不想那么做。没有记录，通常只有两种情况：要么是你这周被现实生活里的工作填满了，根本顾不上别的；要么，是你这几天过得足够平静，平静到不需要向任何外物倾诉。","",,,,,,,,,
trendhub.msg_rwn1,"无论哪一种，都不需要觉得抱歉。你不需要对一个浏览器插件负责，你只需要对你的生活负责。","",,,,,,,,,
trendhub.msg_chww,"只要你觉得值得被记住的瞬间，再点开我就行。在这之前，祝你接下来的工作一切顺利。喝口水，继续去忙你的吧。","",,,,,,,,,
trendhub.msg_ctmf,"这周的湖面很平静。","",,,,,,,,,
trendhub.msg_eo1q,"过去七天，你只留下了微弱的情绪涟漪。","",,,,,,,,,
trendhub.msg_m9mx,"看来除了少数几个瞬间让你觉得稍有波动之外，其余的时间你都掌控得不错。不需要为了填满这张图表而刻意点击。记住那些引发涟漪的瞬间，并在下周提前绕开它们就好。","",,,,,,,,,
trendhub.msg_dz2d,"记录未完待续","",,,,,,,,,
trendhub.7,"过去7天关键觉察与心理建议","",,,,,,,,,
trendhub.deep_care_whisper,"","Deep Care Whisper",,,,,,,,,
trendhub.msg_dcya,"解读未完待续","",,,,,,,,,
trendhub.test_scenarios,"","TEST SCENARIOS:",,,,,,,,,
trendhub.scen_1_day_1_0_record,"","Scen 1 (Day 1, 0 Record)",,,,,,,,,
trendhub.scen_2_day_8_0_record,"","Scen 2 (Day 8, 0 Record)",,,,,,,,,
trendhub.scen_3_day_8_1_record,"","Scen 3 (Day 8, 1 Record)",,,,,,,,,
trendhub.free_day_8_normal,"","Free (Day 8, Normal)",,,,,,,,,
trendhub.pro_day_8_normal,"","Pro (Day 8, Normal)",,,,,,,,,
trendhub.reset_actual,"","Reset Actual",,,,,,,,,
trendhub.ai_calibration_progress,"","AI Calibration Progress",,,,,,,,,
trendhub.msg_glwm,"今日心理底色","",,,,,,,,,
trendhub.psychological_undertone,"","Psychological Undertone",,,,,,,,,
trendhub.msg_808v,"记录后即可解锁底色分析。","",,,,,,,,,
trendhub.msg_liqh,"正在绘制你的地形图...","",,,,,,,,,
trendhub.mapping_landscape,"","Mapping landscape...",,,,,,,,,
trendhub.msg_8fpp,"本周情绪谱系","",,,,,,,,,
trendhub.emotional_spectrum,"","Emotional Spectrum",,,,,,,,,
trendhub.userid,"",", user_id:",,,,,,,,,
trendhub.sensing_your_input_frequency,"正在感知你的输入频率... (Sensing your input frequency...)","",,,,,,,,,
trendhub.mapping_your_emotional_landsca,"正在绘制你的情绪地形图... (Mapping your emotional landscape...)","",,,,,,,,,
trendhub.stress_rhythm_analysis_nearing,"压力节律分析即将完成... (Stress rhythm analysis nearing completion...)","",,,,,,,,,
trendhub.msg_39k3,"过去的一周，你经历了许多起伏，这些日子似乎承载了比平时更多的重量。","",,,,,,,,,
trendhub.over_the_past_week_you,"","Over the past week, you",,,,,,,,,
trendhub.bgblue200_darkbgblue900,"","bg-blue-200 dark:bg-blue-900",,,,,,,,,
trendhub.shadow,"",", shadow:",,,,,,,,,
trendhub.bgamber300_darkbgamber500,"","bg-amber-300 dark:bg-amber-500",,,,,,,,,
trendhub.bgblue200_darkbgblue800,"","bg-blue-200 dark:bg-blue-800",,,,,,,,,
trendhub.bgpurple500_darkbgpurple800,"","bg-purple-500 dark:bg-purple-800",,,,,,,,,
trendhub.mt12_animatereveal_pb16,"","mt-12 animate-reveal pb-16",,,,,,,,,
trendhub.textsm_textgray500,"","text-sm text-gray-500",,,,,,,,,
trendhub.textxl_fontbold_textgray900_da,"","text-xl font-bold text-gray-900 dark:text-[#EAE5D9]",,,,,,,,,
trendhub.spacey6_text15px_textgray700_d,"","space-y-6 text-[15px] text-gray-700 dark:text-[#D4CFC4] leading-[2.2] text-left",,,,,,,,,
trendhub.italic_textgray800_darktexteae,"","italic text-gray-800 dark:text-[#EAE5D9]",,,,,,,,,
trendhub.textxs_textgray400_darktextgra,"","text-xs text-gray-400 dark:text-gray-500 mt-12 max-w-sm mx-auto",,,,,,,,,
trendhub.p8_mdp12_relative_z10,"","p-8 md:p-12 relative z-10",,,,,,,,,
trendhub.textcenter_px4,"","text-center px-4",,,,,,,,,
trendhub.whisperscene,"",": whisperScene ===",,,,,,,,,
trendhub.textxs_fontbold_trackingwidest,"","text-xs font-bold tracking-widest uppercase text-gray-500 mb-6 px-4",,,,,,,,,
trendhub.text10px_opacity70_fontmedium_,"","text-[10px] opacity-70 font-medium normal-case ml-2",,,,,,,,,
trendhub.textxs_textgray500_darktextgra,"","text-xs text-gray-500 dark:text-gray-400 mb-6 max-w-xs mx-auto leading-relaxed",,,,,,,,,
trendhub.mon,"","Mon",,,,,,,,,
trendhub.tue,"","Tue",,,,,,,,,
trendhub.wed,"","Wed",,,,,,,,,
trendhub.thu,"","Thu",,,,,,,,,
trendhub.fri,"","Fri",,,,,,,,,
trendhub.sat,"","Sat",,,,,,,,,
trendhub.sun,"","Sun",,,,,,,,,
trendhub.text2xl_fontbold_textgray800_d,"","text-2xl font-bold text-gray-800 dark:text-gray-100",,,,,,,,,
trendhub.textxs_fontsemibold_textgray50,"","text-xs font-semibold text-gray-500 dark:text-gray-400 uppercase tracking-widest mt-1",,,,,,,,,
trendhub.fontbold_textyellow800_darktex,"","font-bold text-yellow-800 dark:text-yellow-500 my-auto",,,,,,,,,
trendhub.maxw3xl_mxauto_spacey8_pb10,"","max-w-3xl mx-auto space-y-8 pb-10",,,,,,,,,
trendhub.text2xl_mdtext3xl_fontbold_tex,"","text-2xl md:text-3xl font-bold text-gray-900 dark:text-white mb-12",,,,,,,,,
trendhub.maxwmd_spacey4,"","max-w-md space-y-4",,,,,,,,,
trendhub.msg_nsru,"还没习惯我的存在吧？完全没关系。这几天先专注你手头的事，等哪天遇到特别想吐槽、或者特别开心的瞬间，再点我就行。","",,,,,,,,,
trendhub.msg_83tw,"不需要为了记录而记录。把我当成你桌上的盆栽就好，不用天天浇水，想起来了看一眼就行。","",,,,,,,,,
trendhub.msg_f3lu,"没有情绪波动，说明这几天过得很平稳。继续保持你的节奏，不用管我。","",,,,,,,,,
trendhub.textcenter_mb10_mt4,"","text-center mb-10 mt-4",,,,,,,,,
trendhub.text2xl_mdtext3xl_fontbold_tex,"","text-2xl md:text-3xl font-bold text-gray-900 dark:text-white mb-3",,,,,,,,,
trendhub.textgray500_darktextgray400,"","text-gray-500 dark:text-gray-400",,,,,,,,,
trendhub.absolute_top0_left0_wfull_h1_b,"","absolute top-0 left-0 w-full h-1 bg-gradient-to-r from-transparent via-indigo-500 to-transparent opacity-50 transform -translate-x-full group-hover:translate-x-full transition-transform duration-1000",,,,,,,,,
trendhub.textlg_fontbold_textgray900_da,"","text-lg font-bold text-gray-900 dark:text-white",,,,,,,,,
trendhub.textsm_textgray500_darktextgra,"","text-sm text-gray-500 dark:text-gray-400 mt-1",,,,,,,,,
trendhub.text2xl_fontlight_textindigo50,"","text-2xl font-light text-indigo-500",,,,,,,,,
trendhub.absolute_top0_right0_w4_hfull_,"","absolute top-0 right-0 w-4 h-full bg-white/40 blur-sm animate-pulse",,,,,,,,,
trendhub.translate50_50,"","translate(-50%, -50%)",,,,,,,,,
trendhub.textxs_fontbold_textgray500_tr,"","text-xs font-bold text-gray-500 tracking-[0.2em] uppercase mb-4",,,,,,,,,
trendhub.text10px_fontmedium_opacity70,"","text-[10px] font-medium opacity-70",,,,,,,,,
trendhub.textxs_textgray500_darktextgra,"","text-xs text-gray-500 dark:text-gray-400 max-w-xs leading-relaxed",,,,,,,,,
trendhub.fontbold_textgray700_darktextg,"","font-bold text-gray-700 dark:text-gray-300 mb-2",,,,,,,,,
trendhub.textxs_fontnormal_opacity70,"","text-xs font-normal opacity-70",,,,,,,,,
trendhub.textxs_textgray500_darktextgra,"","text-xs text-gray-500 dark:text-gray-500 max-w-xs mx-auto leading-relaxed",,,,,,,,,
trendhub.maxw4xl_mxauto_spacey12_pb10,"","max-w-4xl mx-auto space-y-12 pb-10",,,,,,,,,
trendhub.textcenter_mt8_mb10_px8_animat,"","text-center mt-8 mb-10 px-8 animate-reveal",,,,,,,,,
trendhub.textxl_mdtext2xl_fontbold_bgcl,"","text-xl md:text-2xl font-bold bg-clip-text text-transparent bg-gradient-to-r from-indigo-500 to-purple-500",,,,,,,,,
trendhub.w4_h4_textindigo500,"","w-4 h-4 text-indigo-500",,,,,,,,,
trendhub.textsm_fontmedium_textindigo70,"","text-sm font-medium text-indigo-700 dark:text-indigo-300",,,,,,,,,
trendhub.relative_animatereveal,"","relative animate-reveal",,,,,,,,,
trendhub.fontbold_capitalize,"","font-bold capitalize",,,,,,,,,
trendhub.opacity70_mx2,"","opacity-70 mx-2",,,,,,,,,
trendhub.animatesvgripple_objectcenter_,"","animate-svg-ripple object-center transform-gpu",,,,,,,,,
trendhub.textblack5_darktextwhite5,"","text-black/5 dark:text-white/5",,,,,,,,,
trendhub.textgray400_darktextgray500,"","text-gray-400 dark:text-gray-500",,,,,,,,,
trendhub.mt8_px4_animatereveal_relative,"","mt-8 px-4 animate-reveal relative z-10 pb-6",,,,,,,,,
trendhub.textxs_fontbold_trackingwidest,"","text-xs font-bold tracking-widest uppercase text-gray-500",,,,,,,,,
trendhub.textxs_textgray400,"","text-xs text-gray-400",,,,,,,,,
trendhub.text2xl_fontbold_bgcliptext_te,"","text-2xl font-bold bg-clip-text text-transparent bg-gradient-to-br from-gray-700 to-gray-500 dark:from-gray-200 dark:to-gray-400 leading-none",,,,,,,,,
trendhub.textxs_fontbold_textgray700_da,"","text-xs font-bold text-gray-700 dark:text-gray-200 capitalize tracking-wide",,,,,,,,,
trendhub.textxs_fontsemibold_textgray40,"","text-xs font-semibold text-gray-400 dark:text-gray-500",,,,,,,,,
ventingmodepromo.even_the_spicy_ones,"","(Even the spicy ones)",,,,,,,,,
ventingmodepromo.consulting_your_sanctuary,"","Consulting your Sanctuary...",,,,,,,,,
ventingmodepromo.antiburnout_corporate_affirmat,"","Anti-Burnout Corporate Affirmations and Workplace Boundary Tools",,,,,,,,,
ventingmodepromo.stop_burnout_and_toxic_workpla,"","Stop burnout and toxic workplace culture with StartlyTab. Deals with artificial urgency, unnecessary meetings, rejected PTO anxiety, and corporate jargon.",,,,,,,,,
ventingmodepromo.dealing_with_toxic_workplace_c,"","Dealing with toxic workplace culture & manager EOD requests",,,,,,,,,
ventingmodepromo.stopping_unnecessary_meetings_,"","Stopping unnecessary meetings & corporate sync fatigue",,,,,,,,,
ventingmodepromo.how_to_cope_with_rejected_pto_,"","How to cope with rejected PTO & toxic PTO policy",,,,,,,,,
ventingmodepromo.navigating_corporate_buzzwords,"","Navigating corporate buzzwords and synergy fatigue",,,,,,,,,
ventingmodepromo.startlytab_is_the_sanctuary_fo,"","StartlyTab is the sanctuary for tech sector burnout, helping developers and knowledge workers protect their peace of mind against toxic management and corporate PUA.",,,,,,,,,
ventingmodepromo.if_your_manager_is_annoying_ty,"","If your manager is annoying, type it here...",,,,,,,,,
ventingmodepromo.my_manager_needs_everything,"","My manager needs everything",,,,,,,,,
ventingmodepromo.another_meeting_that_could,"","Another meeting that could",,,,,,,,,
ventingmodepromo.they_rejected_my_pto,"","They rejected my PTO.",,,,,,,,,
ventingmodepromo.corporate_synergy_is_a_myth,"","Corporate synergy is a myth.",,,,,,,,,
ventingmodepromo.eod,"","EOD",,,,,,,,,
ventingmodepromo.artificial_urgency_is_their_la,"","Artificial urgency is their lack of planning, not your emergency. Breathe.",,,,,,,,,
ventingmodepromo.the_world_won,"","The world won",,,,,,,,,
ventingmodepromo.unless_you,"","Unless you",,,,,,,,,
ventingmodepromo.friendly_reminder_your_salary_,"","Friendly reminder: Your salary covers your hours, not your sanity. Log off.",,,,,,,,,
ventingmodepromo.plot_twist_they_won,"","Plot twist: They won",,,,,,,,,
ventingmodepromo.repeat_after_me_i_am_a_human_b,"","Repeat after me: I am a human being, not a vending machine for deliverables.",,,,,,,,,
ventingmodepromo.let_them_experience_the_conseq,"","Let them experience the consequences of their own poor time management.",,,,,,,,,
ventingmodepromo.end_of_day,"","End of Day",,,,,,,,,
ventingmodepromo.you,"","You",,,,,,,,,
ventingmodepromo.you_survived_45_minutes_of_som,"","You survived 45 minutes of someone reading a PowerPoint. You are a warrior. Now, go on DND.",,,,,,,,,
ventingmodepromo.that_meeting_was_a_masterclass,"","That meeting was a masterclass in saying nothing. Reclaim your focus.",,,,,,,,,
ventingmodepromo.block_your_calendar_for_the_re,"","Block your calendar for the rest of the day. Call it",,,,,,,,,
ventingmodepromo.you_earned_it,"","You earned it.",,,,,,,,,
ventingmodepromo.the,"","The",,,,,,,,,
ventingmodepromo.button_is_the_highest_form_of_,"","button is the highest form of self-care right now.",,,,,,,,,
ventingmodepromo.if_they_schedule_another_sync_,"","If they schedule another sync to align on the alignment, we riot. Breathe in, breathe out.",,,,,,,,,
ventingmodepromo.your_time_is_valuable_even_if_,"","Your time is valuable, even if their agenda wasn",,,,,,,,,
ventingmodepromo.fun_fact_90_of_zoom_calls_are_,"","Fun fact: 90% of Zoom calls are just podcasts you have to look attentive for. Relax your shoulders.",,,,,,,,,
ventingmodepromo.close_the_tab_shake_off_the_co,"","Close the tab. Shake off the corporate jargon. Find your actual flow.",,,,,,,,,
ventingmodepromo.you_are_officially_pardoned_fr,"","You are officially pardoned from pretending to take notes. Go get a coffee.",,,,,,,,,
ventingmodepromo.pto_is_part_of_your_compensati,"","PTO is part of your compensation, not a favor they grant. Take your break mentally today.",,,,,,,,,
ventingmodepromo.a_company_that_denies_your_res,"","A company that denies your rest doesn",,,,,,,,,
ventingmodepromo.rejected_pto_just_means,"","Rejected PTO just means",,,,,,,,,
ventingmodepromo.your_wellbeing_doesn,"","Your well-being doesn",,,,,,,,,
ventingmodepromo.s_approval_be_incredibly_gentl,"","s approval. Be incredibly gentle with yourself today.",,,,,,,,,
ventingmodepromo.they_can_reject_the_dates_but_,"","They can reject the dates, but they can",,,,,,,,,
ventingmodepromo.reminder_the_company_will_surv,"","Reminder: The company will survive without you, but you need you. Don",,,,,,,,,
ventingmodepromo.time_to_switch_to,"","Time to switch to",,,,,,,,,
ventingmodepromo.only_do_the_bare_minimum_until,"",". Only do the bare minimum until you get your time off.",,,,,,,,,
ventingmodepromo.denying_rest_is_a_red_flag_upd,"","Denying rest is a red flag. Update your resume, but first, take a long lunch.",,,,,,,,,
ventingmodepromo.you_don,"","You don",,,,,,,,,
ventingmodepromo.t_even_give_you_0_time_off_dee,"","t even give you 0% time off. Deep breaths.",,,,,,,,,
ventingmodepromo.if_they_won,"","If they won",,,,,,,,,
ventingmodepromo.synergy,"","Synergy",,,,,,,,,
ventingmodepromo.we_want_you_to_do_two_jobs,"","we want you to do two jobs",,,,,,,,,
ventingmodepromo.let,"","Let",,,,,,,,,
ventingmodepromo.circle_back,"","circle back",,,,,,,,,
ventingmodepromo.the_only,"","The only",,,,,,,,,
ventingmodepromo.you_need_right_now_is_your_spi,"","you need right now is your spine against a comfortable chair.",,,,,,,,,
ventingmodepromo.if_someone_says,"","If someone says",,,,,,,,,
ventingmodepromo.one_more_time_take_a_deep_brea,"","one more time... take a deep breath. You are doing great.",,,,,,,,,
ventingmodepromo.you_are_a_person_not_a,"","You are a person, not a",,,,,,,,,
ventingmodepromo.protect_your_peace,"",". Protect your peace.",,,,,,,,,
ventingmodepromo.take_this_offline,"","take this offline",,,,,,,,,
ventingmodepromo.ve_reached_maximum,"","ve reached maximum",,,,,,,,,
ventingmodepromo.for_corporate_buzzwords_today_,"","for corporate buzzwords today. Mute notifications.",,,,,,,,,
ventingmodepromo.there_is_no_synergy_only_caffe,"","There is no synergy, only caffeine and willpower. Refine the former, rest the latter.",,,,,,,,,
ventingmodepromo.translate,"","Translate",,,,,,,,,
ventingmodepromo.re_a_family,"","re a family",,,,,,,,,
ventingmodepromo.we_lack_boundaries,"","we lack boundaries.",,,,,,,,,
ventingmodepromo.today,"","Today",,,,,,,,,
ventingmodepromo.re_exceeding_expectations,"","re exceeding expectations.",,,,,,,,,
ventingmodepromo.take_a_deep_breath_their_chaos,"","Take a deep breath. Their chaos does not define your worth.",,,,,,,,,
ventingmodepromo.you_are_allowed_to_disconnect_,"","You are allowed to disconnect, care less, and prioritize your own peace right now.",,,,,,,,,
ventingmodepromo.gentle_reminder_you_are_not_a_,"","Gentle reminder: You are not a machine. You are a human being who needs rest.",,,,,,,,,
ventingmodepromo.no_api_key_available,"","No API key available",,,,,,,,,
ventingmodepromo.post,"","POST",,,,,,,,,
ventingmodepromo.authorization,"","Authorization",,,,,,,,,
ventingmodepromo.api_error,"","API error",,,,,,,,,
ventingmodepromo.venting_mode_api_error,"","Venting mode API error:",,,,,,,,,
ventingmodepromo.textcenter_maxw3xl_mxauto_mb16,"","text-center max-w-3xl mx-auto mb-16 animate-reveal",,,,,,,,,
ventingmodepromo.italic_textgray500_darktextgra,"","italic text-gray-500 dark:text-gray-400 text-3xl md:text-4xl",,,,,,,,,
ventingmodepromo.textlg_mdtextxl_textgray600_da,"","text-lg md:text-xl text-gray-600 dark:text-gray-400 font-light leading-relaxed",,,,,,,,,
ventingmodepromo.s_a_gentle_hug_or_a_sharp_real,"","s a gentle hug or a sharp reality check against",,,,,,,,,
ventingmodepromo.venting,"","Venting",,,,,,,,,
ventingmodepromo.absolute_top0_insetx0_hpx_bggr,"","absolute top-0 inset-x-0 h-px bg-gradient-to-r from-transparent via-purple-500/30 to-transparent",,,,,,,,,
ventingmodepromo.textsm_fontbold_uppercase_trac,"","text-sm font-bold uppercase tracking-widest text-gray-500 mb-6",,,,,,,,,
ventingmodepromo.relative_mb6,"","relative mb-6",,,,,,,,,
ventingmodepromo.textxs_fontbold_trackingwidest,"","text-xs font-bold tracking-widest text-indigo-500 uppercase",,,,,,,,,
ventingmodepromo.text3xl_mb4_block,"","text-3xl mb-4 block",,,,,,,,,
ventingmodepromo.w8_h8_textindigo400,"","w-8 h-8 text-indigo-400",,,,,,,,,
ventingmodepromo.textsm_textgray500_darktextgra,"","text-sm text-gray-500 dark:text-gray-400 max-w-[250px]",,,,,,,,,